{
  "files": [
    {
      "filepath": "/Users/adelarosabretin/workspace/echecs/pgn/src/__tests__/index.bench.ts",
      "groups": [
        {
          "fullName": "src/__tests__/index.bench.ts > PGN Parser",
          "benchmarks": [
            {
              "id": "-994634670_0_0",
              "name": "basic",
              "rank": 4,
              "rme": 0.6087815420122645,
              "samples": [],
              "totalTime": 500.06655099999824,
              "min": 0.09158300000001418,
              "max": 0.6847500000000082,
              "hz": 10108.654517866398,
              "period": 0.09892513372898086,
              "mean": 0.09892513372898086,
              "variance": 0.00047724925811785257,
              "sd": 0.021846035295170898,
              "sem": 0.00030726426252703295,
              "df": 5054,
              "critical": 1.96,
              "moe": 0.0006022379545529845,
              "p75": 0.09600000000000364,
              "p99": 0.2001250000000141,
              "p995": 0.22779100000002472,
              "p999": 0.3176249999999641,
              "sampleCount": 5055,
              "median": 0.09325000000001182
            },
            {
              "id": "-994634670_0_1",
              "name": "benko",
              "rank": 8,
              "rme": 0.5953900989123307,
              "samples": [],
              "totalTime": 500.01830000000336,
              "min": 0.21620800000005147,
              "max": 0.6811669999999594,
              "hz": 4311.842186575942,
              "period": 0.23191943413729285,
              "mean": 0.23191943413729285,
              "variance": 0.0010700747483569889,
              "sd": 0.0327119970096139,
              "sem": 0.0007045027287280335,
              "df": 2155,
              "critical": 1.96,
              "moe": 0.0013808253483069456,
              "p75": 0.2300000000000182,
              "p99": 0.3912910000000238,
              "p995": 0.42437500000005457,
              "p999": 0.47812499999997726,
              "sampleCount": 2156,
              "median": 0.22145799999998417
            },
            {
              "id": "-994634670_0_2",
              "name": "checkmate",
              "rank": 3,
              "rme": 0.551423340755912,
              "samples": [],
              "totalTime": 500.0084779999954,
              "min": 0.0675420000000031,
              "max": 0.39312500000005457,
              "hz": 13543.770351830037,
              "period": 0.07383468369757759,
              "mean": 0.07383468369757759,
              "variance": 0.0002922105786764537,
              "sd": 0.01709416797262896,
              "sem": 0.00020772534667435876,
              "df": 6771,
              "critical": 1.96,
              "moe": 0.00040714167948174314,
              "p75": 0.07333399999993162,
              "p99": 0.17229199999997036,
              "p995": 0.20974999999998545,
              "p999": 0.3068749999999909,
              "sampleCount": 6772,
              "median": 0.07095800000001873
            },
            {
              "id": "-994634670_0_3",
              "name": "comment",
              "rank": 6,
              "rme": 0.4226190960596814,
              "samples": [],
              "totalTime": 500.0128340000033,
              "min": 0.12341699999979028,
              "max": 0.4006250000002183,
              "hz": 7663.803285497217,
              "period": 0.13048351617954157,
              "mean": 0.13048351617954157,
              "variance": 0.00030333525837514415,
              "sd": 0.0174165225683873,
              "sem": 0.00028135115131880953,
              "df": 3831,
              "critical": 1.96,
              "moe": 0.0005514482565848667,
              "p75": 0.13016700000025594,
              "p99": 0.23187499999994543,
              "p995": 0.2510419999998703,
              "p999": 0.3339579999997113,
              "sampleCount": 3832,
              "median": 0.12658300000020972
            },
            {
              "id": "-994634670_0_4",
              "name": "comments",
              "rank": 11,
              "rme": 1.0106817853439158,
              "samples": [],
              "totalTime": 501.83932799999957,
              "min": 4.283082999999806,
              "max": 5.378500000000258,
              "hz": 211.2229833051269,
              "period": 4.734333283018864,
              "mean": 4.734333283018864,
              "variance": 0.06171730733742811,
              "sd": 0.24842968288316136,
              "sem": 0.024129623877431304,
              "df": 105,
              "critical": 1.983,
              "moe": 0.04784904414894628,
              "p75": 4.921082999999726,
              "p99": 5.275625000000218,
              "p995": 5.378500000000258,
              "p999": 5.378500000000258,
              "sampleCount": 106,
              "median": 4.721103999999968
            },
            {
              "id": "-994634670_0_5",
              "name": "games32",
              "rank": 10,
              "rme": 0.7349757527667976,
              "samples": [],
              "totalTime": 503.7413300000003,
              "min": 3.6702919999997903,
              "max": 4.230207999999948,
              "hz": 258.06895773273146,
              "period": 3.87493330769231,
              "mean": 3.87493330769231,
              "variance": 0.027447683510078532,
              "sd": 0.16567342427220647,
              "sem": 0.014530520534399452,
              "df": 129,
              "critical": 1.96,
              "moe": 0.028479820247422925,
              "p75": 4.020292000000154,
              "p99": 4.212750000000142,
              "p995": 4.230207999999948,
              "p999": 4.230207999999948,
              "sampleCount": 130,
              "median": 3.8692080000000715
            },
            {
              "id": "-994634670_0_6",
              "name": "lichess",
              "rank": 9,
              "rme": 0.7239530436048427,
              "samples": [],
              "totalTime": 500.0850400000054,
              "min": 1.0335839999997916,
              "max": 1.481583000000228,
              "hz": 901.8466139278935,
              "period": 1.1088360088691915,
              "mean": 1.1088360088691915,
              "variance": 0.007565189963320291,
              "sd": 0.08697810048121475,
              "sem": 0.004095638793262742,
              "df": 450,
              "critical": 1.96,
              "moe": 0.008027452034794975,
              "p75": 1.1142910000003212,
              "p99": 1.402791999999863,
              "p995": 1.4589160000000447,
              "p999": 1.481583000000228,
              "sampleCount": 451,
              "median": 1.0835000000006403
            },
            {
              "id": "-994634670_0_7",
              "name": "long",
              "rank": 13,
              "rme": 1.5552890710768699,
              "samples": [],
              "totalTime": 4599.587290999997,
              "min": 450.52950000000055,
              "max": 481.8436669999992,
              "hz": 2.1741081030393703,
              "period": 459.9587290999997,
              "mean": 459.9587290999997,
              "variance": 100.01721789895461,
              "sd": 10.000860857893915,
              "sem": 3.16254988733703,
              "df": 9,
              "critical": 2.262,
              "moe": 7.1536878451563615,
              "p75": 466.37733300000036,
              "p99": 481.8436669999992,
              "p995": 481.8436669999992,
              "p999": 481.8436669999992,
              "sampleCount": 10,
              "median": 457.0206039999998
            },
            {
              "id": "-994634670_0_8",
              "name": "multiple",
              "rank": 7,
              "rme": 0.7283217917223974,
              "samples": [],
              "totalTime": 500.0156359999746,
              "min": 0.15079200000036508,
              "max": 1.084208000000217,
              "hz": 6267.8039932338415,